date_pt,transferts,wallets_actifs,paiements_user,payeurs_uniques,omi_user,paiements_agrege,omi_agrege,omi_revenue,paiements_tresorerie,omi_tresorerie
2019-05-09,1,1,0,0,0.0,0,0.0,0.0,0,0.0
2019-05-10,3,3,0,0,0.0,0,0.0,0.0,0,0.0
2019-05-12,1,2,0,0,0.0,0,0.0,0.0,0,0.0
2019-05-13,3,4,0,0,0.0,0,0.0,0.0,0,0.0
2019-05-14,86,83,0,0,0.0,0,0.0,0.0,0,0.0
2019-05-15,66,44,0,0,0.0,0,0.0,0.0,0,0.0
2019-05-16,266,148,0,0,0.0,0,0.0,0.0,0,0.0
2019-05-17,177,146,0,0,0.0,0,0.0,0.0,0,0.0
2019-05-18,102,105,0,0,0.0,0,0.0,0.0,0,0.0
2019-05-19,124,113,0,0,0.0,0,0.0,0.0,0,0.0
2019-05-20,80,75,0,0,0.0,0,0.0,0.0,0,0.0
2019-05-21,77,76,0,0,0.0,0,0.0,0.0,0,0.0
2019-05-22,64,71,0,0,0.0,0,0.0,0.0,0,0.0
2019-05-23,59,65,0,0,0.0,0,0.0,0.0,0,0.0
2019-05-24,24,24,0,0,0.0,0,0.0,0.0,0,0.0
2019-05-25,27,26,0,0,0.0,0,0.0,0.0,0,0.0
2019-05-26,27,27,0,0,0.0,0,0.0,0.0,0,0.0
2019-05-27,36,43,0,0,0.0,0,0.0,0.0,0,0.0
2019-05-28,27,31,0,0,0.0,0,0.0,0.0,0,0.0
2019-05-29,47,52,0,0,0.0,0,0.0,0.0,0,0.0
2019-05-30,659,214,0,0,0.0,0,0.0,0.0,0,0.0
2019-05-31,434,194,0,0,0.0,0,0.0,0.0,0,0.0
2019-06-01,697,249,0,0,0.0,0,0.0,0.0,0,0.0
2019-06-02,490,229,0,0,0.0,0,0.0,0.0,0,0.0
2019-06-03,251,164,0,0,0.0,0,0.0,0.0,0,0.0
2019-06-04,81,68,0,0,0.0,0,0.0,0.0,0,0.0
2019-06-05,154,112,0,0,0.0,0,0.0,0.0,0,0.0
2019-06-06,39,39,0,0,0.0,0,0.0,0.0,0,0.0
2019-06-07,93,74,0,0,0.0,0,0.0,0.0,0,0.0
2019-06-08,28,34,0,0,0.0,0,0.0,0.0,0,0.0
2019-06-09,123,65,0,0,0.0,0,0.0,0.0,0,0.0
2019-06-10,313,146,0,0,0.0,0,0.0,0.0,0,0.0
2019-06-11,201,135,0,0,0.0,0,0.0,0.0,0,0.0
2019-06-12,180,126,0,0,0.0,0,0.0,0.0,0,0.0
2019-06-13,28,28,0,0,0.0,0,0.0,0.0,0,0.0
2019-06-14,87,76,0,0,0.0,0,0.0,0.0,0,0.0
2019-06-15,74,60,0,0,0.0,0,0.0,0.0,0,0.0
2019-06-16,125,75,0,0,0.0,0,0.0,0.0,0,0.0
2019-06-17,36,38,0,0,0.0,0,0.0,0.0,0,0.0
2019-06-18,88,72,0,0,0.0,0,0.0,0.0,0,0.0
2019-06-19,171,133,0,0,0.0,0,0.0,0.0,0,0.0
2019-06-20,146,74,0,0,0.0,0,0.0,0.0,0,0.0
2019-06-21,161,107,0,0,0.0,0,0.0,0.0,0,0.0
2019-06-22,31,39,0,0,0.0,0,0.0,0.0,0,0.0
2019-06-23,95,73,0,0,0.0,0,0.0,0.0,0,0.0
2019-06-24,150,105,0,0,0.0,0,0.0,0.0,0,0.0
2019-06-25,88,80,0,0,0.0,0,0.0,0.0,0,0.0
2019-06-26,148,149,0,0,0.0,0,0.0,0.0,0,0.0
2019-06-27,84,99,0,0,0.0,0,0.0,0.0,0,0.0
2019-06-28,105,87,0,0,0.0,0,0.0,0.0,0,0.0
2019-06-29,19,22,0,0,0.0,0,0.0,0.0,0,0.0
2019-06-30,26,25,0,0,0.0,0,0.0,0.0,0,0.0
2019-07-01,13,13,0,0,0.0,0,0.0,0.0,0,0.0
2019-07-02,15,16,0,0,0.0,0,0.0,0.0,0,0.0
2019-07-03,48,50,0,0,0.0,0,0.0,0.0,0,0.0
2019-07-04,14,19,0,0,0.0,0,0.0,0.0,0,0.0
2019-07-05,3,4,0,0,0.0,0,0.0,0.0,0,0.0
2019-07-06,114,70,0,0,0.0,0,0.0,0.0,0,0.0
2019-07-07,64,55,0,0,0.0,0,0.0,0.0,0,0.0
2019-07-08,81,62,0,0,0.0,0,0.0,0.0,0,0.0
2019-07-09,31,35,0,0,0.0,0,0.0,0.0,0,0.0
2019-07-10,48,40,0,0,0.0,0,0.0,0.0,0,0.0
2019-07-11,24,23,0,0,0.0,0,0.0,0.0,0,0.0
2019-07-12,202,129,0,0,0.0,0,0.0,0.0,0,0.0
2019-07-13,32,30,0,0,0.0,0,0.0,0.0,0,0.0
2019-07-14,14,18,0,0,0.0,0,0.0,0.0,0,0.0
2019-07-15,18,19,0,0,0.0,0,0.0,0.0,0,0.0
2019-07-16,21,27,0,0,0.0,0,0.0,0.0,0,0.0
2019-07-17,5,8,0,0,0.0,0,0.0,0.0,0,0.0
2019-07-18,10,13,0,0,0.0,0,0.0,0.0,0,0.0
2019-07-19,37,42,0,0,0.0,0,0.0,0.0,0,0.0
2019-07-20,71,56,0,0,0.0,0,0.0,0.0,0,0.0
2019-07-21,36,27,0,0,0.0,0,0.0,0.0,0,0.0
2019-07-22,13,16,0,0,0.0,0,0.0,0.0,0,0.0
2019-07-23,25,27,0,0,0.0,0,0.0,0.0,0,0.0
2019-07-24,17,19,0,0,0.0,0,0.0,0.0,0,0.0
2019-07-25,22,19,0,0,0.0,0,0.0,0.0,0,0.0
2019-07-26,23,21,0,0,0.0,0,0.0,0.0,0,0.0
2019-07-27,59,53,0,0,0.0,0,0.0,0.0,0,0.0
2019-07-28,27,34,0,0,0.0,0,0.0,0.0,0,0.0
2019-07-29,4,8,0,0,0.0,0,0.0,0.0,0,0.0
2019-07-30,190,88,0,0,0.0,0,0.0,0.0,0,0.0
2019-07-31,84,63,0,0,0.0,0,0.0,0.0,0,0.0
2019-08-01,5,8,0,0,0.0,0,0.0,0.0,0,0.0
2019-08-02,12,14,0,0,0.0,0,0.0,0.0,0,0.0
2019-08-03,18,18,0,0,0.0,0,0.0,0.0,0,0.0
2019-08-04,52,22,0,0,0.0,0,0.0,0.0,0,0.0
2019-08-05,25,20,0,0,0.0,0,0.0,0.0,0,0.0
2019-08-06,23,20,0,0,0.0,0,0.0,0.0,0,0.0
2019-08-07,18,14,0,0,0.0,0,0.0,0.0,0,0.0
2019-08-08,31,35,0,0,0.0,0,0.0,0.0,0,0.0
2019-08-09,22,26,0,0,0.0,0,0.0,0.0,0,0.0
2019-08-10,2,4,0,0,0.0,0,0.0,0.0,0,0.0
2019-08-11,16,20,0,0,0.0,0,0.0,0.0,0,0.0
2019-08-12,57,36,0,0,0.0,0,0.0,0.0,0,0.0
2019-08-13,17,16,0,0,0.0,0,0.0,0.0,0,0.0
2019-08-14,32,32,0,0,0.0,0,0.0,0.0,0,0.0
2019-08-15,29,32,0,0,0.0,0,0.0,0.0,0,0.0
2019-08-16,8,12,0,0,0.0,0,0.0,0.0,0,0.0
2019-08-17,10,14,0,0,0.0,0,0.0,0.0,0,0.0
2019-08-18,2,4,0,0,0.0,0,0.0,0.0,0,0.0
2019-08-19,39,36,0,0,0.0,0,0.0,0.0,0,0.0
2019-08-20,13,11,0,0,0.0,0,0.0,0.0,0,0.0
2019-08-21,17,20,0,0,0.0,0,0.0,0.0,0,0.0
2019-08-22,20,24,0,0,0.0,0,0.0,0.0,0,0.0
2019-08-23,7,13,0,0,0.0,0,0.0,0.0,0,0.0
2019-08-24,5,8,0,0,0.0,0,0.0,0.0,0,0.0
2019-08-25,5,10,0,0,0.0,0,0.0,0.0,0,0.0
2019-08-26,7,11,0,0,0.0,0,0.0,0.0,0,0.0
2019-08-27,4,8,0,0,0.0,0,0.0,0.0,0,0.0
2019-08-28,26,32,0,0,0.0,0,0.0,0.0,0,0.0
2019-08-29,3,5,0,0,0.0,0,0.0,0.0,0,0.0
2019-08-30,36,21,0,0,0.0,0,0.0,0.0,0,0.0
2019-08-31,7,4,0,0,0.0,0,0.0,0.0,0,0.0
2019-09-01,3,5,0,0,0.0,0,0.0,0.0,0,0.0
2019-09-02,1,2,0,0,0.0,0,0.0,0.0,0,0.0
2019-09-03,21,27,0,0,0.0,0,0.0,0.0,0,0.0
2019-09-04,56,51,0,0,0.0,0,0.0,0.0,0,0.0
2019-09-05,5,8,0,0,0.0,0,0.0,0.0,0,0.0
2019-09-06,60,55,0,0,0.0,0,0.0,0.0,0,0.0
2019-09-07,79,52,0,0,0.0,0,0.0,0.0,0,0.0
2019-09-08,6,9,0,0,0.0,0,0.0,0.0,0,0.0
2019-09-09,9,15,0,0,0.0,0,0.0,0.0,0,0.0
2019-09-10,56,56,0,0,0.0,0,0.0,0.0,0,0.0
2019-09-11,6,9,0,0,0.0,0,0.0,0.0,0,0.0
2019-09-12,52,27,0,0,0.0,0,0.0,0.0,0,0.0
2019-09-13,20,18,0,0,0.0,0,0.0,0.0,0,0.0
2019-09-14,5,5,0,0,0.0,0,0.0,0.0,0,0.0
2019-09-15,2,3,0,0,0.0,0,0.0,0.0,0,0.0
2019-09-16,51,45,0,0,0.0,0,0.0,0.0,0,0.0
2019-09-17,18,17,0,0,0.0,0,0.0,0.0,0,0.0
2019-09-18,1,2,0,0,0.0,0,0.0,0.0,0,0.0
2019-09-19,5,3,0,0,0.0,0,0.0,0.0,0,0.0
2019-09-20,3,4,0,0,0.0,0,0.0,0.0,0,0.0
2019-09-21,2,4,0,0,0.0,0,0.0,0.0,0,0.0
2019-09-22,3,6,0,0,0.0,0,0.0,0.0,0,0.0
2019-09-23,4,7,0,0,0.0,0,0.0,0.0,0,0.0
2019-09-24,5,6,0,0,0.0,0,0.0,0.0,0,0.0
2019-09-25,1,2,0,0,0.0,0,0.0,0.0,0,0.0
2019-09-26,1,2,0,0,0.0,0,0.0,0.0,0,0.0
2019-09-27,17,18,0,0,0.0,0,0.0,0.0,0,0.0
2019-09-28,1,2,0,0,0.0,0,0.0,0.0,0,0.0
2019-09-29,3,5,0,0,0.0,0,0.0,0.0,0,0.0
2019-10-01,6,9,0,0,0.0,0,0.0,0.0,0,0.0
2019-10-02,2,4,0,0,0.0,0,0.0,0.0,0,0.0
2019-10-03,1,2,0,0,0.0,0,0.0,0.0,0,0.0
2019-10-04,1,2,0,0,0.0,0,0.0,0.0,0,0.0
2019-10-06,1,2,0,0,0.0,0,0.0,0.0,0,0.0
2019-10-07,5,4,0,0,0.0,0,0.0,0.0,0,0.0
2019-10-08,4,5,0,0,0.0,0,0.0,0.0,0,0.0
2019-10-09,2,4,0,0,0.0,0,0.0,0.0,0,0.0
2019-10-10,2,2,0,0,0.0,0,0.0,0.0,0,0.0
2019-10-12,1,2,0,0,0.0,0,0.0,0.0,0,0.0
2019-10-13,2,2,0,0,0.0,0,0.0,0.0,0,0.0
2019-10-14,6,10,0,0,0.0,0,0.0,0.0,0,0.0
2019-10-16,2,4,0,0,0.0,0,0.0,0.0,0,0.0
2019-10-17,4,7,0,0,0.0,0,0.0,0.0,0,0.0
2019-10-18,8,11,0,0,0.0,0,0.0,0.0,0,0.0
2019-10-19,50,47,0,0,0.0,0,0.0,0.0,0,0.0
2019-10-20,2,2,0,0,0.0,0,0.0,0.0,0,0.0
2019-10-21,1,2,0,0,0.0,0,0.0,0.0,0,0.0
2019-10-22,1,2,0,0,0.0,0,0.0,0.0,0,0.0
2019-10-23,3,3,0,0,0.0,0,0.0,0.0,0,0.0
2019-10-24,26,27,0,0,0.0,0,0.0,0.0,0,0.0
2019-10-25,14,14,0,0,0.0,0,0.0,0.0,0,0.0
2019-10-26,14,16,0,0,0.0,0,0.0,0.0,0,0.0
2019-10-27,1,2,0,0,0.0,0,0.0,0.0,0,0.0
2019-10-28,2,4,0,0,0.0,0,0.0,0.0,0,0.0
2019-10-29,5,9,0,0,0.0,0,0.0,0.0,0,0.0
2019-10-30,4,7,0,0,0.0,0,0.0,0.0,0,0.0
2019-10-31,4,5,0,0,0.0,0,0.0,0.0,0,0.0
2019-11-01,15,19,0,0,0.0,0,0.0,0.0,0,0.0
2019-11-03,1,2,0,0,0.0,0,0.0,0.0,0,0.0
2019-11-05,3,5,0,0,0.0,0,0.0,0.0,0,0.0
2019-11-07,1,2,0,0,0.0,0,0.0,0.0,0,0.0
2019-11-08,2,2,0,0,0.0,0,0.0,0.0,0,0.0
2019-11-09,3,4,0,0,0.0,0,0.0,0.0,0,0.0
2019-11-10,3,4,0,0,0.0,0,0.0,0.0,0,0.0
2019-11-11,14,8,0,0,0.0,0,0.0,0.0,0,0.0
2019-11-12,306,301,0,0,0.0,0,0.0,0.0,0,0.0
2019-11-13,6,11,0,0,0.0,0,0.0,0.0,0,0.0
2019-11-14,8,12,0,0,0.0,0,0.0,0.0,0,0.0
2019-11-15,11,14,0,0,0.0,0,0.0,0.0,0,0.0
2019-11-16,4,5,0,0,0.0,0,0.0,0.0,0,0.0
2019-11-17,5,8,0,0,0.0,0,0.0,0.0,0,0.0
2019-11-18,5,8,0,0,0.0,0,0.0,0.0,0,0.0
2019-11-19,15,16,0,0,0.0,0,0.0,0.0,0,0.0
2019-11-20,10,13,0,0,0.0,0,0.0,0.0,0,0.0
2019-11-21,10,15,0,0,0.0,0,0.0,0.0,0,0.0
2019-11-22,16,20,0,0,0.0,0,0.0,0.0,0,0.0
2019-11-23,6,11,0,0,0.0,0,0.0,0.0,0,0.0
2019-11-24,5,9,0,0,0.0,0,0.0,0.0,0,0.0
2019-11-25,7,6,0,0,0.0,0,0.0,0.0,0,0.0
2019-11-26,14,15,0,0,0.0,0,0.0,0.0,0,0.0
2019-11-27,35,36,0,0,0.0,0,0.0,0.0,0,0.0
2019-11-28,10,13,0,0,0.0,0,0.0,0.0,0,0.0
2019-11-29,34,34,0,0,0.0,0,0.0,0.0,0,0.0
2019-11-30,3,4,0,0,0.0,0,0.0,0.0,0,0.0
2019-12-01,3,4,0,0,0.0,0,0.0,0.0,0,0.0
2019-12-02,36,30,0,0,0.0,0,0.0,0.0,0,0.0
2019-12-03,5,6,0,0,0.0,0,0.0,0.0,0,0.0
2019-12-04,2,3,0,0,0.0,0,0.0,0.0,0,0.0
2019-12-05,10,15,0,0,0.0,0,0.0,0.0,0,0.0
2019-12-06,1,2,0,0,0.0,0,0.0,0.0,0,0.0
2019-12-07,2,4,0,0,0.0,0,0.0,0.0,0,0.0
2019-12-08,2,4,0,0,0.0,0,0.0,0.0,0,0.0
2019-12-09,21,11,0,0,0.0,0,0.0,0.0,0,0.0
2019-12-10,46,35,0,0,0.0,0,0.0,0.0,0,0.0
2019-12-11,8,10,0,0,0.0,0,0.0,0.0,0,0.0
2019-12-12,24,27,0,0,0.0,0,0.0,0.0,0,0.0
2019-12-13,2,4,0,0,0.0,0,0.0,0.0,0,0.0
2019-12-14,2,2,0,0,0.0,0,0.0,0.0,0,0.0
2019-12-15,25,29,0,0,0.0,0,0.0,0.0,0,0.0
2019-12-16,4,6,0,0,0.0,0,0.0,0.0,0,0.0
2019-12-17,1,2,0,0,0.0,0,0.0,0.0,0,0.0
2019-12-18,3,4,0,0,0.0,0,0.0,0.0,0,0.0
2019-12-19,5,7,0,0,0.0,0,0.0,0.0,0,0.0
2019-12-20,12,13,0,0,0.0,0,0.0,0.0,0,0.0
2019-12-21,1,2,0,0,0.0,0,0.0,0.0,0,0.0
2019-12-22,1,2,0,0,0.0,0,0.0,0.0,0,0.0
2019-12-23,4,6,0,0,0.0,0,0.0,0.0,0,0.0
2019-12-24,44,35,0,0,0.0,0,0.0,0.0,0,0.0
2019-12-26,1,2,0,0,0.0,0,0.0,0.0,0,0.0
2019-12-28,7,7,0,0,0.0,0,0.0,0.0,0,0.0
2019-12-29,2,4,0,0,0.0,0,0.0,0.0,0,0.0
2019-12-30,4,7,0,0,0.0,0,0.0,0.0,0,0.0
2019-12-31,108,49,0,0,0.0,0,0.0,0.0,0,0.0
2020-01-01,2,3,0,0,0.0,0,0.0,0.0,0,0.0
2020-01-07,2,4,0,0,0.0,0,0.0,0.0,0,0.0
2020-01-08,3,6,0,0,0.0,0,0.0,0.0,0,0.0
2020-01-09,3,6,0,0,0.0,0,0.0,0.0,0,0.0
2020-01-10,1,2,0,0,0.0,0,0.0,0.0,0,0.0
2020-01-11,74,44,0,0,0.0,0,0.0,0.0,0,0.0
2020-01-12,41,40,0,0,0.0,0,0.0,0.0,0,0.0
2020-01-13,1,2,0,0,0.0,0,0.0,0.0,0,0.0
2020-01-14,51,41,0,0,0.0,0,0.0,0.0,0,0.0
2020-01-15,27,25,0,0,0.0,0,0.0,0.0,0,0.0
2020-01-16,3,4,0,0,0.0,0,0.0,0.0,0,0.0
2020-01-17,4,7,0,0,0.0,0,0.0,0.0,0,0.0
2020-01-19,3,5,0,0,0.0,0,0.0,0.0,0,0.0
2020-01-20,10,10,0,0,0.0,0,0.0,0.0,0,0.0
2020-01-21,1,2,0,0,0.0,0,0.0,0.0,0,0.0
2020-01-23,38,35,0,0,0.0,0,0.0,0.0,0,0.0
2020-01-24,22,24,0,0,0.0,0,0.0,0.0,0,0.0
2020-01-25,1,2,0,0,0.0,0,0.0,0.0,0,0.0
2020-01-26,1,2,0,0,0.0,0,0.0,0.0,0,0.0
2020-01-27,19,20,0,0,0.0,0,0.0,0.0,0,0.0
2020-01-28,1,2,0,0,0.0,0,0.0,0.0,0,0.0
2020-01-29,1,2,0,0,0.0,0,0.0,0.0,0,0.0
2020-01-30,1,2,0,0,0.0,0,0.0,0.0,0,0.0
2020-02-01,2,3,0,0,0.0,0,0.0,0.0,0,0.0
2020-02-03,22,22,0,0,0.0,0,0.0,0.0,0,0.0
2020-02-04,7,10,0,0,0.0,0,0.0,0.0,0,0.0
2020-02-05,5,5,0,0,0.0,0,0.0,0.0,0,0.0
2020-02-06,2,2,0,0,0.0,0,0.0,0.0,0,0.0
2020-02-07,5,6,0,0,0.0,0,0.0,0.0,0,0.0
2020-02-08,1,2,0,0,0.0,0,0.0,0.0,0,0.0
2020-02-09,1,2,0,0,0.0,0,0.0,0.0,0,0.0
2020-02-11,3,5,0,0,0.0,0,0.0,0.0,0,0.0
2020-02-12,1,2,0,0,0.0,0,0.0,0.0,0,0.0
2020-02-13,38,25,0,0,0.0,0,0.0,0.0,0,0.0
2020-02-14,1,2,0,0,0.0,0,0.0,0.0,0,0.0
2020-02-15,5,2,0,0,0.0,0,0.0,0.0,0,0.0
2020-02-16,4,5,0,0,0.0,0,0.0,0.0,0,0.0
2020-02-17,27,23,0,0,0.0,0,0.0,0.0,0,0.0
2020-02-18,40,27,0,0,0.0,0,0.0,0.0,0,0.0
2020-02-19,9,14,0,0,0.0,0,0.0,0.0,0,0.0
2020-02-20,14,16,0,0,0.0,0,0.0,0.0,0,0.0
2020-02-21,69,62,0,0,0.0,0,0.0,0.0,0,0.0
2020-02-22,2,4,0,0,0.0,0,0.0,0.0,0,0.0
2020-02-23,102,58,0,0,0.0,0,0.0,0.0,0,0.0
2020-02-24,6,6,0,0,0.0,0,0.0,0.0,0,0.0
2020-02-25,7,12,0,0,0.0,0,0.0,0.0,0,0.0
2020-02-26,2,4,0,0,0.0,0,0.0,0.0,0,0.0
2020-02-27,10,7,0,0,0.0,0,0.0,0.0,0,0.0
2020-02-28,2,4,0,0,0.0,0,0.0,0.0,0,0.0
2020-02-29,1,2,0,0,0.0,0,0.0,0.0,0,0.0
2020-03-01,1,2,0,0,0.0,0,0.0,0.0,0,0.0
2020-03-02,11,12,0,0,0.0,0,0.0,0.0,0,0.0
2020-03-03,3,5,0,0,0.0,0,0.0,0.0,0,0.0
2020-03-04,2,3,0,0,0.0,0,0.0,0.0,0,0.0
2020-03-05,3,4,0,0,0.0,0,0.0,0.0,0,0.0
2020-03-06,28,24,0,0,0.0,0,0.0,0.0,0,0.0
2020-03-07,3,4,0,0,0.0,0,0.0,0.0,0,0.0
2020-03-08,14,17,0,0,0.0,0,0.0,0.0,0,0.0
2020-03-09,5,7,0,0,0.0,0,0.0,0.0,0,0.0
2020-03-10,2,3,0,0,0.0,0,0.0,0.0,0,0.0
2020-03-11,6,7,0,0,0.0,0,0.0,0.0,0,0.0
2020-03-12,2,4,0,0,0.0,0,0.0,0.0,0,0.0
2020-03-13,4,4,0,0,0.0,0,0.0,0.0,0,0.0
2020-03-14,2,4,0,0,0.0,0,0.0,0.0,0,0.0
2020-03-15,33,25,0,0,0.0,0,0.0,0.0,0,0.0
2020-03-16,6,9,0,0,0.0,0,0.0,0.0,0,0.0
2020-03-17,3,6,0,0,0.0,0,0.0,0.0,0,0.0
2020-03-18,4,5,0,0,0.0,0,0.0,0.0,0,0.0
2020-03-20,1,2,0,0,0.0,0,0.0,0.0,0,0.0
2020-03-21,3,5,0,0,0.0,0,0.0,0.0,0,0.0
2020-03-24,2,3,0,0,0.0,0,0.0,0.0,0,0.0
2020-03-25,46,48,0,0,0.0,0,0.0,0.0,0,0.0
2020-03-26,17,16,0,0,0.0,0,0.0,0.0,0,0.0
2020-03-27,2,3,0,0,0.0,0,0.0,0.0,0,0.0
2020-03-28,1,2,0,0,0.0,0,0.0,0.0,0,0.0
2020-03-30,1,2,0,0,0.0,0,0.0,0.0,0,0.0
2020-03-31,1,2,0,0,0.0,0,0.0,0.0,0,0.0
2020-04-01,3,5,0,0,0.0,0,0.0,0.0,0,0.0
2020-04-02,2,4,0,0,0.0,0,0.0,0.0,0,0.0
2020-04-03,2,4,0,0,0.0,0,0.0,0.0,0,0.0
2020-04-07,3,5,0,0,0.0,0,0.0,0.0,0,0.0
2020-04-08,1,2,0,0,0.0,0,0.0,0.0,0,0.0
2020-04-10,1,2,0,0,0.0,0,0.0,0.0,0,0.0
2020-04-11,1,2,0,0,0.0,0,0.0,0.0,0,0.0
2020-04-13,2,4,0,0,0.0,0,0.0,0.0,0,0.0
2020-04-14,1,2,0,0,0.0,0,0.0,0.0,0,0.0
2020-04-15,1,2,0,0,0.0,0,0.0,0.0,0,0.0
2020-04-16,11,12,0,0,0.0,0,0.0,0.0,0,0.0
2020-04-18,1,2,0,0,0.0,0,0.0,0.0,0,0.0
2020-04-19,2,3,0,0,0.0,0,0.0,0.0,0,0.0
2020-04-21,1,2,0,0,0.0,0,0.0,0.0,0,0.0
2020-04-22,22,24,0,0,0.0,0,0.0,0.0,0,0.0
2020-04-23,5,6,0,0,0.0,0,0.0,0.0,0,0.0
2020-04-25,2,3,0,0,0.0,0,0.0,0.0,0,0.0
2020-04-26,3,3,0,0,0.0,0,0.0,0.0,0,0.0
2020-04-27,4,6,0,0,0.0,0,0.0,0.0,0,0.0
2020-04-28,5,4,0,0,0.0,0,0.0,0.0,0,0.0
2020-04-29,1,2,0,0,0.0,0,0.0,0.0,0,0.0
2020-04-30,2,3,0,0,0.0,0,0.0,0.0,0,0.0
2020-05-01,2,3,0,0,0.0,0,0.0,0.0,0,0.0
2020-05-02,3,4,0,0,0.0,0,0.0,0.0,0,0.0
2020-05-03,7,6,0,0,0.0,0,0.0,0.0,0,0.0
2020-05-04,10,11,0,0,0.0,0,0.0,0.0,0,0.0
2020-05-05,2,4,0,0,0.0,0,0.0,0.0,0,0.0
2020-05-08,7,8,0,0,0.0,0,0.0,0.0,0,0.0
2020-05-09,3,6,0,0,0.0,0,0.0,0.0,0,0.0
2020-05-10,6,6,0,0,0.0,0,0.0,0.0,0,0.0
2020-05-11,2,3,0,0,0.0,0,0.0,0.0,0,0.0
2020-05-12,12,14,0,0,0.0,0,0.0,0.0,0,0.0
2020-05-13,3,4,0,0,0.0,0,0.0,0.0,0,0.0
2020-05-15,1,2,0,0,0.0,0,0.0,0.0,0,0.0
2020-05-16,1,2,0,0,0.0,0,0.0,0.0,0,0.0
2020-05-17,5,4,0,0,0.0,0,0.0,0.0,0,0.0
2020-05-18,4,5,0,0,0.0,0,0.0,0.0,0,0.0
2020-05-19,14,9,0,0,0.0,0,0.0,0.0,0,0.0
2020-05-20,5,7,0,0,0.0,0,0.0,0.0,0,0.0
2020-05-21,3,4,0,0,0.0,0,0.0,0.0,0,0.0
2020-05-22,5,6,0,0,0.0,0,0.0,0.0,0,0.0
2020-05-23,1,2,0,0,0.0,0,0.0,0.0,0,0.0
2020-05-24,4,4,0,0,0.0,0,0.0,0.0,0,0.0
2020-05-25,3,5,0,0,0.0,0,0.0,0.0,0,0.0
2020-05-26,2,4,0,0,0.0,0,0.0,0.0,0,0.0
2020-05-27,3,5,0,0,0.0,0,0.0,0.0,0,0.0
2020-05-28,1,2,0,0,0.0,0,0.0,0.0,0,0.0
2020-05-29,1,2,0,0,0.0,0,0.0,0.0,0,0.0
2020-05-30,3,5,0,0,0.0,0,0.0,0.0,0,0.0
2020-05-31,22,24,0,0,0.0,0,0.0,0.0,0,0.0
2020-06-01,8,10,0,0,0.0,0,0.0,0.0,0,0.0
2020-06-02,3,5,0,0,0.0,0,0.0,0.0,0,0.0
2020-06-03,7,7,0,0,0.0,0,0.0,0.0,0,0.0
2020-06-04,7,8,0,0,0.0,0,0.0,0.0,0,0.0
2020-06-05,8,11,0,0,0.0,0,0.0,0.0,0,0.0
2020-06-06,5,6,0,0,0.0,0,0.0,0.0,0,0.0
2020-06-08,3,5,0,0,0.0,0,0.0,0.0,0,0.0
2020-06-09,27,17,1,1,40000.0,0,0.0,40000.0,0,0.0
2020-06-10,35,7,3,2,732768.23,0,0.0,732768.23,0,0.0
2020-06-11,10,10,0,0,0.0,0,0.0,0.0,0,0.0
2020-06-12,9,9,3,2,713850.26,0,0.0,713850.26,0,0.0
2020-06-13,11,10,1,1,100000.0,0,0.0,100000.0,0,0.0
2020-06-14,18,6,5,3,13520371.03,0,0.0,13520371.03,0,0.0
2020-06-15,7,5,1,1,200000.0,0,0.0,200000.0,0,0.0
2020-06-16,16,4,0,0,0.0,0,0.0,0.0,0,0.0
2020-06-17,19,12,1,1,3559510.57,0,0.0,3559510.57,0,0.0
2020-06-18,8,9,0,0,0.0,0,0.0,0.0,0,0.0
2020-06-19,12,13,1,1,100000.0,0,0.0,100000.0,0,0.0
2020-06-20,8,6,0,0,0.0,0,0.0,0.0,0,0.0
2020-06-21,8,4,0,0,0.0,0,0.0,0.0,0,0.0
2020-06-22,1,2,0,0,0.0,0,0.0,0.0,0,0.0
2020-06-23,10,11,1,1,297999.4,0,0.0,297999.4,0,0.0
2020-06-24,8,8,1,1,30000.0,0,0.0,30000.0,0,0.0
2020-06-25,4,6,0,0,0.0,0,0.0,0.0,0,0.0
2020-06-26,4,4,2,2,446584.58,0,0.0,446584.58,0,0.0
2020-06-27,1,2,0,0,0.0,0,0.0,0.0,0,0.0
2020-06-28,22,15,1,1,2800.0,0,0.0,2800.0,0,0.0
2020-06-29,9,12,1,1,554598.5,0,0.0,554598.5,0,0.0
2020-06-30,1,2,0,0,0.0,0,0.0,0.0,0,0.0
2020-07-01,7,7,0,0,0.0,0,0.0,0.0,0,0.0
2020-07-02,2,2,0,0,0.0,0,0.0,0.0,0,0.0
2020-07-03,6,7,0,0,0.0,0,0.0,0.0,0,0.0
2020-07-04,2,4,0,0,0.0,0,0.0,0.0,0,0.0
2020-07-05,2,4,1,1,579.0,0,0.0,579.0,0,0.0
2020-07-06,4,6,0,0,0.0,0,0.0,0.0,0,0.0
2020-07-07,5,2,0,0,0.0,0,0.0,0.0,0,0.0
2020-07-08,1,2,0,0,0.0,0,0.0,0.0,0,0.0
2020-07-09,4,3,3,2,134464.0,0,0.0,134464.0,0,0.0
2020-07-10,16,11,0,0,0.0,0,0.0,0.0,0,0.0
2020-07-11,26,23,0,0,0.0,0,0.0,0.0,0,0.0
2020-07-12,13,11,4,1,1323214.28,0,0.0,1323214.28,0,0.0
2020-07-14,9,10,0,0,0.0,0,0.0,0.0,0,0.0
2020-07-15,8,9,0,0,0.0,0,0.0,0.0,0,0.0
2020-07-16,3,4,0,0,0.0,0,0.0,0.0,0,0.0
2020-07-17,8,7,0,0,0.0,0,0.0,0.0,0,0.0
2020-07-18,2,4,0,0,0.0,0,0.0,0.0,0,0.0
2020-07-19,3,4,0,0,0.0,0,0.0,0.0,0,0.0
2020-07-21,3,4,0,0,0.0,0,0.0,0.0,0,0.0
2020-07-22,1,2,0,0,0.0,0,0.0,0.0,0,0.0
2020-07-23,3,3,0,0,0.0,0,0.0,0.0,0,0.0
2020-07-24,2,3,0,0,0.0,0,0.0,0.0,0,0.0
2020-07-25,4,5,0,0,0.0,0,0.0,0.0,0,0.0
2020-07-26,9,9,4,1,310000.0,0,0.0,310000.0,0,0.0
2020-07-27,3,5,1,1,395256.92,0,0.0,395256.92,0,0.0
2020-07-28,12,8,0,0,0.0,0,0.0,0.0,0,0.0
2020-07-29,3,5,0,0,0.0,0,0.0,0.0,0,0.0
2020-07-30,1,2,0,0,0.0,0,0.0,0.0,0,0.0
2020-07-31,1,2,0,0,0.0,0,0.0,0.0,0,0.0
2020-08-01,3,3,0,0,0.0,0,0.0,0.0,0,0.0
2020-08-02,1,2,0,0,0.0,0,0.0,0.0,0,0.0
2020-08-03,6,8,0,0,0.0,0,0.0,0.0,0,0.0
2020-08-04,7,8,0,0,0.0,0,0.0,0.0,0,0.0
2020-08-05,3,5,0,0,0.0,0,0.0,0.0,0,0.0
2020-08-06,1,2,0,0,0.0,0,0.0,0.0,0,0.0
2020-08-07,7,8,0,0,0.0,0,0.0,0.0,0,0.0
2020-08-08,4,6,0,0,0.0,0,0.0,0.0,0,0.0
2020-08-09,3,6,0,0,0.0,0,0.0,0.0,0,0.0
2020-08-10,15,9,0,0,0.0,0,0.0,0.0,0,0.0
2020-08-11,5,2,0,0,0.0,0,0.0,0.0,0,0.0
2020-08-12,3,5,0,0,0.0,0,0.0,0.0,0,0.0
2020-08-13,2,2,0,0,0.0,0,0.0,0.0,0,0.0
2020-08-15,1,2,0,0,0.0,0,0.0,0.0,0,0.0
2020-08-16,2,3,0,0,0.0,0,0.0,0.0,0,0.0
2020-08-17,4,4,0,0,0.0,0,0.0,0.0,0,0.0
2020-08-18,7,5,2,2,957039.55,0,0.0,957039.55,0,0.0
2020-08-19,5,4,0,0,0.0,0,0.0,0.0,0,0.0
2020-08-20,6,10,0,0,0.0,0,0.0,0.0,0,0.0
2020-08-21,2,4,0,0,0.0,0,0.0,0.0,0,0.0
2020-08-23,2,4,0,0,0.0,0,0.0,0.0,0,0.0
2020-08-24,2,3,0,0,0.0,0,0.0,0.0,0,0.0
2020-08-25,3,4,0,0,0.0,0,0.0,0.0,0,0.0
2020-08-26,6,7,1,1,478125.75,0,0.0,478125.75,0,0.0
2020-08-27,2,2,0,0,0.0,0,0.0,0.0,0,0.0
2020-08-28,6,7,0,0,0.0,0,0.0,0.0,0,0.0
2020-08-29,39,13,0,0,0.0,0,0.0,0.0,0,0.0
2020-08-30,21,23,0,0,0.0,0,0.0,0.0,0,0.0
2020-08-31,21,24,0,0,0.0,0,0.0,0.0,0,0.0
2020-09-01,5,6,0,0,0.0,0,0.0,0.0,0,0.0
2020-09-02,13,15,1,1,110350.92,0,0.0,110350.92,0,0.0
2020-09-03,8,6,0,0,0.0,0,0.0,0.0,0,0.0
2020-09-04,12,10,1,1,358422.94,0,0.0,358422.94,0,0.0
2020-09-06,80,19,0,0,0.0,0,0.0,0.0,0,0.0
2020-09-07,6,7,0,0,0.0,0,0.0,0.0,0,0.0
2020-09-08,1,2,0,0,0.0,0,0.0,0.0,0,0.0
2020-09-10,72,2,0,0,0.0,0,0.0,0.0,0,0.0
2020-09-11,389,5,0,0,0.0,0,0.0,0.0,0,0.0
2020-09-12,318,6,0,0,0.0,0,0.0,0.0,0,0.0
2020-09-13,195,7,0,0,0.0,0,0.0,0.0,0,0.0
2020-09-14,1,2,0,0,0.0,0,0.0,0.0,0,0.0
2020-09-15,9,7,0,0,0.0,0,0.0,0.0,0,0.0
2020-09-16,10,8,0,0,0.0,0,0.0,0.0,0,0.0
2020-09-17,15,11,0,0,0.0,0,0.0,0.0,0,0.0
2020-09-18,47,9,0,0,0.0,0,0.0,0.0,0,0.0
2020-09-19,23,13,0,0,0.0,0,0.0,0.0,0,0.0
2020-09-20,12,5,0,0,0.0,0,0.0,0.0,0,0.0
2020-09-21,18,10,0,0,0.0,0,0.0,0.0,0,0.0
2020-09-22,7,5,0,0,0.0,0,0.0,0.0,0,0.0
2020-09-23,3,3,0,0,0.0,0,0.0,0.0,0,0.0
2020-09-24,6,7,0,0,0.0,0,0.0,0.0,0,0.0
2020-09-25,6,6,1,1,1185114.96,0,0.0,1185114.96,0,0.0
2020-09-26,3,3,0,0,0.0,0,0.0,0.0,0,0.0
2020-09-27,8,9,0,0,0.0,0,0.0,0.0,0,0.0
2020-09-28,5,6,0,0,0.0,0,0.0,0.0,0,0.0
2020-09-29,11,9,0,0,0.0,0,0.0,0.0,0,0.0
2020-09-30,41,19,0,0,0.0,0,0.0,0.0,0,0.0
2020-10-01,25,12,0,0,0.0,0,0.0,0.0,0,0.0
2020-10-02,5,5,0,0,0.0,0,0.0,0.0,0,0.0
2020-10-03,2,2,0,0,0.0,0,0.0,0.0,0,0.0
2020-10-05,11,13,0,0,0.0,0,0.0,0.0,0,0.0
2020-10-06,10,8,0,0,0.0,0,0.0,0.0,0,0.0
2020-10-07,2,4,0,0,0.0,0,0.0,0.0,0,0.0
2020-10-08,1,2,0,0,0.0,0,0.0,0.0,0,0.0
2020-10-09,2,4,0,0,0.0,0,0.0,0.0,0,0.0
2020-10-10,5,7,0,0,0.0,0,0.0,0.0,0,0.0
2020-10-12,4,6,0,0,0.0,0,0.0,0.0,0,0.0
2020-10-13,7,4,0,0,0.0,0,0.0,0.0,0,0.0
2020-10-14,3,4,0,0,0.0,0,0.0,0.0,0,0.0
2020-10-15,1,2,0,0,0.0,0,0.0,0.0,0,0.0
2020-10-16,2,4,0,0,0.0,0,0.0,0.0,0,0.0
2020-10-17,3,6,0,0,0.0,0,0.0,0.0,0,0.0
2020-10-18,18,9,5,2,16458965.17,0,0.0,16458965.17,0,0.0
2020-10-19,10,7,1,1,10000000.0,0,0.0,10000000.0,0,0.0
2020-10-20,48,17,3,2,29500009.0,0,0.0,29500009.0,3,550000100.0
2020-10-21,19,11,3,3,9697038.32,0,0.0,9697038.32,1,10000000000.0
2020-10-22,13,15,1,1,2964426.88,0,0.0,2964426.88,0,0.0
2020-10-23,16,16,1,1,5000.0,0,0.0,5000.0,0,0.0
2020-10-24,37,31,0,0,0.0,0,0.0,0.0,0,0.0
2020-10-25,7,7,0,0,0.0,0,0.0,0.0,0,0.0
2020-10-26,2,4,0,0,0.0,0,0.0,0.0,0,0.0
2020-10-27,11,10,2,2,2659540.52,0,0.0,2659540.52,0,0.0
2020-10-28,7,8,1,1,1699790.79,0,0.0,1699790.79,0,0.0
2020-10-29,9,9,1,1,1000000.0,0,0.0,1000000.0,0,0.0
2020-10-30,8,8,2,1,4347826.08,0,0.0,4347826.08,0,0.0
2020-10-31,7,6,3,2,5614035.08,0,0.0,5614035.08,0,0.0
2020-11-01,52,24,5,4,14110635.52,0,0.0,14110635.52,1,59900000.0
2020-11-02,28,8,3,1,10661928.03,0,0.0,10661928.03,0,0.0
2020-11-03,52,32,7,3,30854192.0,0,0.0,30854192.0,14,386770333.26
2020-11-04,15,13,3,1,404015.0,0,0.0,404015.0,0,0.0
2020-11-05,42,16,4,3,19253892.71,0,0.0,19253892.71,0,0.0
2020-11-06,13,13,0,0,0.0,0,0.0,0.0,0,0.0
2020-11-07,4,4,0,0,0.0,0,0.0,0.0,0,0.0
2020-11-08,23,9,0,0,0.0,0,0.0,0.0,0,0.0
2020-11-09,10,12,1,1,1477650.54,0,0.0,1477650.54,0,0.0
2020-11-10,19,12,2,2,8940308.0,0,0.0,8940308.0,0,0.0
2020-11-11,11,8,0,0,0.0,0,0.0,0.0,0,0.0
2020-11-12,4,5,0,0,0.0,0,0.0,0.0,0,0.0
2020-11-13,13,12,1,1,3000.0,0,0.0,3000.0,0,0.0
2020-11-14,4,5,0,0,0.0,0,0.0,0.0,0,0.0
2020-11-15,1,2,0,0,0.0,0,0.0,0.0,0,0.0
2020-11-16,13,7,2,1,5186989.49,0,0.0,5186989.49,0,0.0
2020-11-17,14,14,0,0,0.0,0,0.0,0.0,0,0.0
2020-11-18,5,6,0,0,0.0,0,0.0,0.0,0,0.0
2020-11-19,9,15,0,0,0.0,0,0.0,0.0,0,0.0
2020-11-20,3,5,0,0,0.0,0,0.0,0.0,0,0.0
2020-11-21,17,13,5,3,3420417.79,0,0.0,3420417.79,0,0.0
2020-11-22,23,17,4,3,4840279.22,0,0.0,4840279.22,0,0.0
2020-11-23,6,9,0,0,0.0,0,0.0,0.0,0,0.0
2020-11-24,2,4,0,0,0.0,0,0.0,0.0,0,0.0
2020-11-25,5,6,2,2,254181.45,0,0.0,254181.45,0,0.0
2020-11-26,9,6,1,1,5000000.0,0,0.0,5000000.0,0,0.0
2020-11-27,1,2,0,0,0.0,0,0.0,0.0,0,0.0
2020-11-28,1,2,0,0,0.0,0,0.0,0.0,0,0.0
2020-11-29,4,5,0,0,0.0,0,0.0,0.0,0,0.0
2020-11-30,3,4,1,1,10.0,0,0.0,10.0,1,29999999970.0
2020-12-01,6,7,0,0,0.0,0,0.0,0.0,0,0.0
2020-12-02,31,16,4,3,28077976.41,0,0.0,28077976.41,1,250000000.0
2020-12-03,60,16,2,2,3610634.03,0,0.0,3610634.03,0,0.0
2020-12-04,11,12,0,0,0.0,0,0.0,0.0,0,0.0
2020-12-05,8,7,1,1,4000000.0,0,0.0,4000000.0,0,0.0
2020-12-06,4,5,2,1,6000.0,0,0.0,6000.0,0,0.0
2020-12-07,15,13,3,3,6609140.55,0,0.0,6609140.55,0,0.0
2020-12-08,33,28,2,2,17597890.62,0,0.0,17597890.62,0,0.0
2020-12-09,59,19,19,12,42124868.36,0,0.0,42124868.36,0,0.0
2020-12-10,26,27,0,0,0.0,0,0.0,0.0,0,0.0
2020-12-11,47,20,9,7,43631305.82,0,0.0,43631305.82,0,0.0
2020-12-12,29,12,3,3,18487730.53,0,0.0,18487730.53,0,0.0
2020-12-13,8,8,2,1,3586231.89,0,0.0,3586231.89,0,0.0
2020-12-14,21,11,4,4,6153228.17,0,0.0,6153228.17,0,0.0
2020-12-15,43,38,1,1,5000000.0,0,0.0,5000000.0,0,0.0
2020-12-16,2,3,1,1,140884.76,0,0.0,140884.76,0,0.0
2020-12-17,1,2,0,0,0.0,0,0.0,0.0,0,0.0
2020-12-18,9,4,3,1,4445043.1,0,0.0,4445043.1,0,0.0
2020-12-19,3,4,1,1,1185114.96,0,0.0,1185114.96,0,0.0
2020-12-20,101,21,34,17,49279241.47,0,0.0,49279241.47,0,0.0
2020-12-21,47,17,16,11,18357243.09,0,0.0,18357243.09,0,0.0
2020-12-22,23,11,6,5,13068988.58,0,0.0,13068988.58,0,0.0
2020-12-23,28,18,7,6,11207362.49,0,0.0,11207362.49,0,0.0
2020-12-24,119,31,29,14,42267060.98,0,0.0,42267060.98,0,0.0
2020-12-25,50,15,11,9,34064700.78,0,0.0,34064700.78,0,0.0
2020-12-26,34,18,10,7,11903985.87,0,0.0,11903985.87,0,0.0
2020-12-27,7,9,1,1,3118253.78,0,0.0,3118253.78,0,0.0
2020-12-28,155,17,10,8,23684326.39,0,0.0,23684326.39,0,0.0
2020-12-29,26,23,6,6,5344758.45,0,0.0,5344758.45,0,0.0
2020-12-30,13,13,2,2,3690630.73,0,0.0,3690630.73,0,0.0
2020-12-31,14,13,5,4,12961863.95,0,0.0,12961863.95,0,0.0
2021-01-01,16,13,3,3,8827364.99,0,0.0,8827364.99,0,0.0
2021-01-02,14,10,1,1,1878186.21,0,0.0,1878186.21,0,0.0
2021-01-03,33,14,10,7,23712947.58,0,0.0,23712947.58,0,0.0
2021-01-04,6,7,2,2,3103974.83,0,0.0,3103974.83,0,0.0
2021-01-05,4,6,1,1,1587301.59,0,0.0,1587301.59,0,0.0
2021-01-06,13,14,2,2,2675722.18,0,0.0,2675722.18,0,0.0
2021-01-07,62,22,18,14,25996386.78,0,0.0,25996386.78,0,0.0
2021-01-08,8,11,2,2,3076923.08,0,0.0,3076923.08,0,0.0
2021-01-09,19,13,5,4,10291399.46,0,0.0,10291399.46,0,0.0
2021-01-10,24,22,3,2,4861042.18,0,0.0,4861042.18,0,0.0
2021-01-11,29,11,4,3,3232248.7,0,0.0,3232248.7,0,0.0
2021-01-12,8,8,3,3,3773143.96,0,0.0,3773143.96,0,0.0
2021-01-13,13,10,4,4,8315128.49,0,0.0,8315128.49,0,0.0
2021-01-14,234,33,47,27,60309195.63,0,0.0,60309195.63,0,0.0
2021-01-15,41,15,9,7,11427613.34,0,0.0,11427613.34,0,0.0
2021-01-16,114,18,8,5,51846160.06,0,0.0,51846160.06,0,0.0
2021-01-17,26,11,6,5,19604796.13,0,0.0,19604796.13,0,0.0
2021-01-18,35,13,9,3,30690220.76,0,0.0,30690220.76,0,0.0
2021-01-19,7,6,1,1,691562.93,0,0.0,691562.93,0,0.0
2021-01-20,22,12,3,2,10064205.52,0,0.0,10064205.52,0,0.0
2021-01-21,62,12,5,3,3039414.89,0,0.0,3039414.89,0,0.0
2021-01-22,25,11,7,5,10202672.44,0,0.0,10202672.44,0,0.0
2021-01-23,19,10,5,4,12241979.35,0,0.0,12241979.35,0,0.0
2021-01-24,10,7,3,2,4958220.46,0,0.0,4958220.46,0,0.0
2021-01-25,13,13,3,3,3806321.65,0,0.0,3806321.65,0,0.0
2021-01-26,55,14,17,6,31743954.91,0,0.0,31743954.91,0,0.0
2021-01-27,34,8,7,4,30104246.36,0,0.0,30104246.36,2,49770037.29
2021-01-28,312,63,76,53,153532877.3,0,0.0,153532877.3,0,0.0
2021-01-29,41,17,12,7,40361066.7,0,0.0,40361066.7,0,0.0
2021-01-30,26,11,8,6,13491508.67,0,0.0,13491508.67,0,0.0
2021-01-31,44,13,12,8,48795190.63,0,0.0,48795190.63,0,0.0
2021-02-01,65,20,14,10,23357854.32,0,0.0,23357854.32,0,0.0
2021-02-02,77,47,10,8,15006485.96,0,0.0,15006485.96,0,0.0
2021-02-03,117,31,28,11,55405548.71,0,0.0,55405548.71,0,0.0
2021-02-04,44,26,9,8,13691461.92,0,0.0,13691461.92,0,0.0
2021-02-05,49,19,9,5,5657817.46,0,0.0,5657817.46,0,0.0
2021-02-06,42,18,9,6,7092431.4,0,0.0,7092431.4,0,0.0
2021-02-07,72,24,15,7,13629015.96,0,0.0,13629015.96,0,0.0
2021-02-08,14,13,0,0,0.0,0,0.0,0.0,0,0.0
2021-02-09,41,18,6,5,4688807.7,0,0.0,4688807.7,0,0.0
2021-02-10,273,202,29,25,25124053.81,0,0.0,25124053.81,0,0.0
2021-02-11,724,208,165,82,53974380.84,0,0.0,53974380.84,0,0.0
2021-02-12,796,235,196,94,47951481.43,0,0.0,47951481.43,0,0.0
2021-02-13,701,177,186,83,41551541.74,0,0.0,41551541.74,0,0.0
2021-02-14,978,278,195,88,46053354.0,0,0.0,46053354.0,0,0.0
2021-02-15,1313,457,220,111,31240416.47,0,0.0,31240416.47,0,0.0
2021-02-16,1184,358,264,137,30199025.21,0,0.0,30199025.21,0,0.0
2021-02-17,1191,417,304,168,41509670.09,0,0.0,41509670.09,0,0.0
2021-02-18,2621,1046,543,339,48324144.8,0,0.0,48324144.8,0,0.0
2021-02-19,1804,793,269,144,10937919.86,0,0.0,10937919.86,0,0.0
2021-02-20,2147,701,389,175,12854612.61,7,47686.35,12902298.96,0,0.0
2021-02-21,2590,1035,393,223,15977140.18,10,46965.63,16024105.81,0,0.0
2021-02-22,2293,776,469,223,11820655.65,0,0.0,11820655.65,0,0.0
2021-02-23,2801,843,706,349,22006089.7,1,5829.17,22011918.87,0,0.0
2021-02-24,3717,921,927,410,26343455.46,1,13624.69,26357080.15,0,0.0
2021-02-25,3807,957,873,405,22008124.97,52,282782.75,22290907.72,0,0.0
2021-02-26,3845,885,928,399,26184547.78,156,939766.0,27124313.78,0,0.0
2021-02-27,8285,1108,2028,692,49908871.36,410,2942734.83,52851606.19,0,0.0
2021-02-28,7241,1192,1978,706,50792082.71,160,1274352.54,52066435.25,0,0.0
2021-03-01,9949,1488,2758,916,61131950.62,241,1469809.31,62601759.93,0,0.0
2021-03-02,14778,2246,3682,1103,75975760.34,250,1448595.24,77424355.58,0,0.0
2021-03-03,14325,1900,3926,1218,85984633.63,538,3342203.49,89326837.12,0,0.0
2021-03-04,9093,1489,2393,845,57612959.68,327,2171248.01,59784207.69,0,0.0
2021-03-05,1043,586,18,16,779723.47,2,84295.4,864018.87,0,0.0
2021-03-06,1019,538,16,13,601084.91,9,137844.21,738929.12,0,0.0
2021-03-07,1183,617,10,10,317447.5,0,0.0,317447.5,0,0.0
2021-03-08,1374,734,24,22,803912.08,0,0.0,803912.08,0,0.0
2021-03-09,1527,926,6,6,378964.47,0,0.0,378964.47,0,0.0
2021-03-10,13976,2741,2303,1448,78718435.51,13,316622.23,79035057.74,0,0.0
2021-03-11,22394,4022,4202,2585,109630579.62,0,0.0,109630579.62,0,0.0
2021-03-12,12128,2766,3172,1721,71529417.97,9,443828.03,71973246.0,0,0.0
2021-03-13,6306,2635,1431,784,36748781.54,3,243915.59,36992697.13,0,0.0
2021-03-14,9921,4120,2876,1565,47617977.18,4,165684.77,47783661.95,0,0.0
2021-03-15,10071,4426,2748,1497,28276982.65,2,13934.09,28290916.74,0,0.0
2021-03-16,3483,2313,0,0,0.0,0,0.0,0.0,0,0.0
2021-03-17,3388,2211,0,0,0.0,0,0.0,0.0,0,0.0
2021-03-18,5690,3722,0,0,0.0,0,0.0,0.0,0,0.0
2021-03-19,8274,5391,0,0,0.0,0,0.0,0.0,0,0.0
2021-03-20,5207,3440,0,0,0.0,0,0.0,0.0,0,0.0
2021-03-21,4700,2975,0,0,0.0,0,0.0,0.0,0,0.0
2021-03-22,5749,3801,0,0,0.0,0,0.0,0.0,0,0.0
2021-03-23,5796,3749,0,0,0.0,0,0.0,0.0,0,0.0
2021-03-24,9308,4648,6,5,145448.67,0,0.0,145448.67,0,0.0
2021-03-25,69347,15380,69,64,1208513.59,0,0.0,1208513.59,0,0.0
2021-03-26,13533,6389,113,108,1840368.7,0,0.0,1840368.7,0,0.0
2021-03-27,9673,3376,101,100,1764580.79,0,0.0,1764580.79,0,0.0
2021-03-28,5294,3284,100,96,1534249.82,0,0.0,1534249.82,0,0.0
2021-03-29,5174,3464,111,103,1566739.87,0,0.0,1566739.87,0,0.0
2021-03-30,6278,4065,59,57,985309.05,0,0.0,985309.05,0,0.0
2021-03-31,9972,6292,95,88,1635232.36,0,0.0,1635232.36,0,0.0
2021-04-01,6790,4703,167,148,1422576.16,0,0.0,1422576.16,0,0.0
2021-04-02,14579,10215,9501,6897,101484830.84,1,16061.73,101500892.57,0,0.0
2021-04-03,5485,3494,825,709,12143845.01,0,0.0,12143845.01,0,0.0
2021-04-04,4863,3258,140,125,2116682.39,0,0.0,2116682.39,0,0.0
2021-04-05,8635,4894,1861,1573,24112130.1,0,0.0,24112130.1,0,0.0
2021-04-06,55146,9523,3582,3005,30840828.88,0,0.0,30840828.88,0,0.0
2021-04-07,18413,7064,1515,1332,22020758.75,0,0.0,22020758.75,0,0.0
2021-04-08,45515,16921,6635,5831,73303475.45,28,15970.88,73319446.33,0,0.0
2021-04-09,53672,9251,598,580,4335793.74,0,0.0,4335793.74,0,0.0
2021-04-10,2800,1950,0,0,0.0,0,0.0,0.0,0,0.0
2021-04-11,63889,9142,1072,797,15147385.68,96,52494.3,15199879.98,0,0.0
2021-04-12,5154,2578,638,416,10515633.9,0,0.0,10515633.9,0,0.0
2021-04-13,4644,2558,524,339,7549335.28,0,0.0,7549335.28,0,0.0
2021-04-14,5491,2914,580,361,9026734.4,0,0.0,9026734.4,0,0.0
2021-04-15,4658,2477,535,345,8038216.39,0,0.0,8038216.39,0,0.0
2021-04-16,5327,2526,691,400,13856674.28,0,0.0,13856674.28,0,0.0
2021-04-17,4597,2512,509,299,9969309.83,0,0.0,9969309.83,0,0.0
2021-04-18,4650,2691,427,237,8192452.05,0,0.0,8192452.05,0,0.0
2021-04-19,7653,3093,1243,626,28335238.9,0,0.0,28335238.9,0,0.0
2021-04-20,11449,3682,2320,1140,58212853.79,0,0.0,58212853.79,0,0.0
2021-04-21,102556,4573,3210,2325,58943268.22,0,0.0,58943268.22,0,0.0
2021-04-22,16621,3536,3186,1581,67202531.3,0,0.0,67202531.3,0,0.0
2021-04-23,9726,2793,1486,856,31976625.5,0,0.0,31976625.5,0,0.0
2021-04-24,20709,6262,14230,4380,202808339.74,30,213430.45,203021770.19,0,0.0
2021-04-25,17228,5779,9491,3575,110233712.07,0,0.0,110233712.07,0,0.0
2021-04-26,12338,5434,5064,2848,45694445.79,0,0.0,45694445.79,0,0.0
2021-04-27,15742,8961,9238,6422,78709564.7,262,471483.72,79181048.42,0,0.0
2021-04-28,21053,9219,13012,6229,151610591.53,27,454602.71,152065194.24,0,0.0
2021-04-29,20652,8735,7689,2561,70004194.61,14,562670.19,70566864.8,0,0.0
2021-04-30,3129,1783,0,0,0.0,0,0.0,0.0,0,0.0
2021-05-01,2446,1434,0,0,0.0,0,0.0,0.0,0,0.0
2021-05-02,2359,1577,0,0,0.0,0,0.0,0.0,0,0.0
2021-05-03,3578,2108,179,118,2334930.46,0,0.0,2334930.46,0,0.0
2021-05-04,3376,2233,0,0,0.0,0,0.0,0.0,0,0.0
2021-05-05,11950,2763,0,0,0.0,0,0.0,0.0,0,0.0
2021-05-06,2531,1802,0,0,0.0,0,0.0,0.0,0,0.0
2021-05-07,119169,1736,0,0,0.0,0,0.0,0.0,0,0.0
2021-05-08,7003,1882,0,0,0.0,0,0.0,0.0,0,0.0
2021-05-09,7070,1528,0,0,0.0,0,0.0,0.0,0,0.0
2021-05-10,37441,16194,30827,13820,413625413.0,209,359627.82,413985040.82,0,0.0
2021-05-11,7616,3432,1988,1542,24134923.44,0,0.0,24134923.44,0,0.0
2021-05-12,5825,1910,0,0,0.0,0,0.0,0.0,0,0.0
2021-05-13,23735,1481,0,0,0.0,0,0.0,0.0,0,0.0
2021-05-14,4601,1257,0,0,0.0,0,0.0,0.0,0,0.0
2021-05-15,5345,1183,0,0,0.0,0,0.0,0.0,0,0.0
2021-05-16,4712,1256,0,0,0.0,0,0.0,0.0,0,0.0
2021-05-17,4574,1472,0,0,0.0,0,0.0,0.0,0,0.0
2021-05-18,4538,1473,0,0,0.0,0,0.0,0.0,0,0.0
2021-05-19,5691,1515,0,0,0.0,0,0.0,0.0,0,0.0
2021-05-20,35275,1121,0,0,0.0,0,0.0,0.0,0,0.0
2021-05-21,13157,1171,0,0,0.0,0,0.0,0.0,0,0.0
2021-05-22,3215,1105,0,0,0.0,0,0.0,0.0,0,0.0
2021-05-23,4412,1251,0,0,0.0,0,0.0,0.0,0,0.0
2021-05-24,3603,1151,0,0,0.0,6,70973478.71,70973478.71,27,1173456099.15
2021-05-25,1670,973,0,0,0.0,24,27496112.6,27496112.6,0,0.0
2021-05-26,1426,964,0,0,0.0,23,58472133.69,58472133.69,0,0.0
2021-05-27,1243,719,0,0,0.0,21,107357872.31,107357872.31,4,126590201.71
2021-05-28,1156,651,0,0,0.0,24,31012011.62,31012011.62,0,0.0
2021-05-29,1229,686,0,0,0.0,24,25464207.67,25464207.67,0,0.0
2021-05-30,780,491,0,0,0.0,24,32716339.27,32716339.27,0,0.0
2021-05-31,1034,542,0,0,0.0,24,31801188.69,31801188.69,0,0.0
2021-06-01,942,582,0,0,0.0,24,29455921.95,29455921.95,0,0.0
2021-06-02,1228,693,0,0,0.0,24,31383250.39,31383250.39,0,0.0
2021-06-03,971,598,0,0,0.0,24,26959741.48,26959741.48,0,0.0
2021-06-04,936,565,0,0,0.0,24,27457188.75,27457188.75,0,0.0
2021-06-05,656,473,0,0,0.0,24,22057912.96,22057912.96,0,0.0
2021-06-06,805,424,0,0,0.0,24,17961467.08,17961467.08,0,0.0
2021-06-07,922,546,0,0,0.0,23,20893058.75,20893058.75,0,0.0
2021-06-08,906,588,0,0,0.0,24,56591665.33,56591665.33,0,0.0
2021-06-09,762,499,0,0,0.0,23,40650704.57,40650704.57,0,0.0
2021-06-10,631,469,0,0,0.0,20,103941620.83,103941620.83,2,94433004.87
2021-06-11,784,503,0,0,0.0,23,31989971.59,31989971.59,0,0.0
2021-06-12,641,407,0,0,0.0,24,17409013.31,17409013.31,0,0.0
2021-06-13,768,438,0,0,0.0,24,22404638.74,22404638.74,0,0.0
2021-06-14,731,516,0,0,0.0,24,24628456.32,24628456.32,0,0.0
2021-06-15,649,437,0,0,0.0,24,27140065.44,27140065.44,0,0.0
2021-06-16,890,475,0,0,0.0,24,63850666.84,63850666.84,0,0.0
2021-06-17,875,451,0,0,0.0,22,149439116.83,149439116.83,2,83556802.62
2021-06-18,918,482,0,0,0.0,24,34772598.13,34772598.13,0,0.0
2021-06-19,594,404,0,0,0.0,23,31216456.22,31216456.22,0,0.0
2021-06-20,854,521,0,0,0.0,24,57584204.12,57584204.12,0,0.0
2021-06-21,933,581,0,0,0.0,21,99373214.79,99373214.79,3,115592026.56
2021-06-22,1164,698,0,0,0.0,24,43772567.2,43772567.2,0,0.0
2021-06-23,634,416,0,0,0.0,23,59398444.69,59398444.69,0,0.0
2021-06-24,2248,1179,0,0,0.0,21,123943159.72,123943159.72,3,128150980.28
2021-06-25,1316,716,0,0,0.0,24,45361481.88,45361481.88,0,0.0
2021-06-26,833,477,0,0,0.0,24,69948673.28,69948673.28,0,0.0
2021-06-27,1047,626,0,0,0.0,24,54145319.78,54145319.78,0,0.0
2021-06-28,1150,568,0,0,0.0,24,51316196.68,51316196.68,0,0.0
2021-06-29,1029,570,0,0,0.0,24,44528832.07,44528832.07,0,0.0
2021-06-30,768,569,0,0,0.0,22,74266401.93,74266401.93,0,0.0
2021-07-01,1091,589,0,0,0.0,21,153532385.88,153532385.88,4,113537305.2
2021-07-02,1381,816,0,0,0.0,24,55207538.06,55207538.06,0,0.0
2021-07-03,1394,787,0,0,0.0,24,46204004.62,46204004.62,0,0.0
2021-07-04,1274,800,0,0,0.0,24,52809053.41,52809053.41,0,0.0
2021-07-05,2353,1289,0,0,0.0,25,57883193.69,57883193.69,0,0.0
2021-07-06,2447,1513,0,0,0.0,24,51502299.55,51502299.55,0,0.0
2021-07-07,1156,756,0,0,0.0,24,73030338.97,73030338.97,0,0.0
2021-07-08,1130,729,0,0,0.0,21,86203132.21,86203132.21,2,84045521.41
2021-07-09,838,536,0,0,0.0,24,31378413.43,31378413.43,0,0.0
2021-07-10,783,505,0,0,0.0,24,33525839.92,33525839.92,0,0.0
2021-07-11,900,496,0,0,0.0,24,24549306.47,24549306.47,0,0.0
2021-07-12,1108,749,0,0,0.0,24,25252575.24,25252575.24,0,0.0
2021-07-13,981,621,0,0,0.0,24,38026392.87,38026392.87,0,0.0
2021-07-14,797,498,0,0,0.0,23,44626690.41,44626690.41,0,0.0
2021-07-15,880,587,0,0,0.0,24,60023088.59,60023088.59,0,0.0
2021-07-16,1208,602,0,0,0.0,25,84341461.02,84341461.02,0,0.0
2021-07-17,734,436,0,0,0.0,24,145031626.6,145031626.6,2,98362940.08
2021-07-18,768,469,0,0,0.0,24,49005129.85,49005129.85,0,0.0
2021-07-19,1135,710,0,0,0.0,24,60314415.11,60314415.11,0,0.0
2021-07-20,846,550,0,0,0.0,23,70659658.78,70659658.78,0,0.0
2021-07-21,1063,563,0,0,0.0,24,57698941.56,57698941.56,0,0.0
2021-07-22,1089,648,0,0,0.0,25,84507830.16,84507830.16,0,0.0
2021-07-23,801,542,0,0,0.0,19,126340365.99,126340365.99,5,178900248.67
2021-07-24,632,428,0,0,0.0,23,122576093.6,122576093.6,1,29961325.41
2021-07-25,909,568,0,0,0.0,22,92342021.58,92342021.58,2,49938639.51
2021-07-26,793,547,0,0,0.0,23,76969429.7,76969429.7,0,0.0
2021-07-27,1229,723,0,0,0.0,24,78361627.57,78361627.57,0,0.0
2021-07-28,917,627,0,0,0.0,25,61026575.24,61026575.24,0,0.0
2021-07-29,722,483,0,0,0.0,24,47186155.16,47186155.16,0,0.0
2021-07-30,742,491,0,0,0.0,24,35112535.81,35112535.81,0,0.0
2021-07-31,710,437,0,0,0.0,23,27424105.9,27424105.9,0,0.0
2021-08-01,673,440,0,0,0.0,24,32961713.19,32961713.19,0,0.0
2021-08-02,3606,2098,0,0,0.0,24,26417892.1,26417892.1,0,0.0
2021-08-03,1101,678,0,0,0.0,25,35481976.55,35481976.55,0,0.0
2021-08-04,964,551,0,0,0.0,23,35396577.3,35396577.3,0,0.0
2021-08-05,885,584,0,0,0.0,24,128899791.93,128899791.93,0,0.0
2021-08-06,1289,789,0,0,0.0,21,245174038.93,245174038.93,2,43142173.35
2021-08-07,1114,755,0,0,0.0,17,88304728.05,88304728.05,11,553269054.55
2021-08-08,843,498,0,0,0.0,23,95756242.61,95756242.61,2,53487670.11
2021-08-09,909,550,0,0,0.0,23,58810634.42,58810634.42,1,36203412.01
2021-08-10,1101,601,1,1,100.0,24,35637880.62,35637980.62,0,0.0
2021-08-11,1262,762,0,0,0.0,23,38348362.97,38348362.97,1,20224561.25
2021-08-12,979,546,0,0,0.0,23,40901325.99,40901325.99,0,0.0
2021-08-13,1132,615,0,0,0.0,24,52312351.65,52312351.65,0,0.0
2021-08-14,938,577,0,0,0.0,26,161316846.56,161316846.56,1,34287529.42
2021-08-15,801,522,0,0,0.0,24,47962307.35,47962307.35,0,0.0
2021-08-16,1111,734,0,0,0.0,24,33020470.0,33020470.0,0,0.0
2021-08-17,4343,4008,0,0,0.0,24,40402507.52,40402507.52,0,0.0
2021-08-18,1147,785,0,0,0.0,4,4659200.07,4659200.07,0,0.0
2021-08-19,4369,2311,0,0,0.0,15,83626978.87,83626978.87,6,223631243.73
2021-08-20,1034,699,0,0,0.0,25,124279815.35,124279815.35,1,23663538.7
2021-08-21,943,627,0,0,0.0,24,107711424.25,107711424.25,1,20792309.76
2021-08-22,945,644,0,0,0.0,4,4932314.13,4932314.13,0,0.0
2021-08-23,1156,679,0,0,0.0,0,0.0,0.0,0,0.0
2021-08-24,1199,675,0,0,0.0,20,108331316.43,108331316.43,4,180202798.38
2021-08-25,1004,641,0,0,0.0,24,107551108.0,107551108.0,1,20339144.06
2021-08-26,1031,642,0,0,0.0,26,113205951.37,113205951.37,0,0.0
2021-08-27,973,605,0,0,0.0,24,76265936.98,76265936.98,0,0.0
2021-08-28,914,535,0,0,0.0,27,191579029.19,191579029.19,1,27781920.24
2021-08-29,900,554,0,0,0.0,23,73611680.11,73611680.11,0,0.0
2021-08-30,1013,641,0,0,0.0,24,158850093.98,158850093.98,0,0.0
2021-08-31,1535,807,0,0,0.0,19,186783818.5,186783818.5,8,357633752.55
2021-09-01,1385,895,0,0,0.0,25,90476943.27,90476943.27,0,0.0
2021-09-02,1281,890,0,0,0.0,24,98203657.12,98203657.12,0,0.0
2021-09-03,1047,754,0,0,0.0,23,68389434.96,68389434.96,0,0.0
2021-09-04,919,725,0,0,0.0,24,62175075.95,62175075.95,0,0.0
2021-09-05,1734,1297,0,0,0.0,24,52665202.19,52665202.19,0,0.0
2021-09-06,1507,1067,0,0,0.0,25,79202160.62,79202160.62,0,0.0
2021-09-07,1482,902,0,0,0.0,24,148659946.58,148659946.58,1,21797316.58
2021-09-08,1078,687,0,0,0.0,21,119671134.76,119671134.76,6,232885712.9
2021-09-09,1039,692,0,0,0.0,24,110554573.05,110554573.05,0,0.0
2021-09-10,1105,685,0,0,0.0,24,46933811.94,46933811.94,0,0.0
2021-09-11,904,618,0,0,0.0,24,70777804.5,70777804.5,0,0.0
2021-09-12,837,565,0,0,0.0,25,68184305.71,68184305.71,0,0.0
2021-09-13,809,585,0,0,0.0,24,76053751.55,76053751.55,0,0.0
2021-09-14,1152,747,0,0,0.0,22,99216047.53,99216047.53,2,53259593.87
2021-09-15,1375,939,0,0,0.0,24,58248133.89,58248133.89,0,0.0
2021-09-16,1306,860,0,0,0.0,25,100427247.85,100427247.85,0,0.0
2021-09-17,1832,1231,0,0,0.0,23,82363080.47,82363080.47,0,0.0
2021-09-18,1693,1178,0,0,0.0,24,103913398.27,103913398.27,1,29315696.07
2021-09-19,1944,1385,0,0,0.0,24,94950439.5,94950439.5,0,0.0
2021-09-20,1784,1219,0,0,0.0,22,94028831.19,94028831.19,0,0.0
2021-09-21,1603,980,0,0,0.0,25,143409618.82,143409618.82,0,0.0
2021-09-22,1306,786,0,0,0.0,24,147817087.0,147817087.0,0,0.0
2021-09-23,1236,808,0,0,0.0,25,208498859.29,208498859.29,0,0.0
2021-09-24,1254,813,0,0,0.0,25,198145300.53,198145300.53,0,0.0
2021-09-25,989,613,0,0,0.0,23,198826166.2,198826166.2,2,53907276.93
2021-09-26,962,626,0,0,0.0,24,180440798.51,180440798.51,0,0.0
2021-09-27,1193,700,0,0,0.0,23,208948621.51,208948621.51,1,20388004.73
2021-09-28,1452,917,0,0,0.0,24,213455179.39,213455179.39,2,46101425.01
2021-09-29,1567,822,0,0,0.0,17,137207840.91,137207840.91,0,0.0
2021-09-30,1096,707,0,0,0.0,25,214892832.25,214892832.25,2,51200560.28
2021-10-01,977,678,0,0,0.0,18,135685774.03,135685774.03,8,275155820.54
2021-10-02,806,582,0,0,0.0,23,154442359.91,154442359.91,2,56097120.09
2021-10-03,1091,713,0,0,0.0,24,156713391.53,156713391.53,1,26477702.21
2021-10-04,1640,1147,0,0,0.0,24,78480306.73,78480306.73,0,0.0
2021-10-05,1241,887,0,0,0.0,26,126110303.67,126110303.67,0,0.0
2021-10-06,1436,849,0,0,0.0,22,101058657.45,101058657.45,1,22335761.65
2021-10-07,1149,736,0,0,0.0,24,157986717.28,157986717.28,1,20877127.89
2021-10-08,1742,1090,0,0,0.0,25,110877735.92,110877735.92,0,0.0
2021-10-09,1777,1217,0,0,0.0,26,158965592.68,158965592.68,1,24626682.28
2021-10-10,2065,1336,0,0,0.0,25,90262680.46,90262680.46,0,0.0
2021-10-11,1426,1011,0,0,0.0,25,62541748.0,62541748.0,0,0.0
2021-10-12,1345,863,0,0,0.0,24,92084556.87,92084556.87,0,0.0
2021-10-13,1212,880,0,0,0.0,25,113112325.64,113112325.64,0,0.0
2021-10-14,1438,951,0,0,0.0,27,174696054.16,174696054.16,0,0.0
2021-10-15,1229,842,0,0,0.0,24,86348162.95,86348162.95,0,0.0
2021-10-16,928,693,0,0,0.0,26,139365281.46,139365281.46,0,0.0
2021-10-17,873,666,0,0,0.0,25,86567783.5,86567783.5,0,0.0
2021-10-18,1007,725,0,0,0.0,23,67953238.43,67953238.43,0,0.0
2021-10-19,1323,721,0,0,0.0,25,118275344.9,118275344.9,0,0.0
2021-10-20,1347,889,0,0,0.0,24,68931979.18,68931979.18,0,0.0
2021-10-21,1363,906,0,0,0.0,25,108394386.6,108394386.6,0,0.0
2021-10-22,1147,783,0,0,0.0,24,88347930.22,88347930.22,0,0.0
2021-10-23,1005,614,0,0,0.0,24,105300740.61,105300740.61,2,43563829.98
2021-10-24,848,679,0,0,0.0,24,71317922.04,71317922.04,0,0.0
2021-10-25,1023,817,0,0,0.0,24,81582208.55,81582208.55,0,0.0
2021-10-26,1259,873,0,0,0.0,26,87175768.33,87175768.33,0,0.0
2021-10-27,1894,1170,0,0,0.0,24,75211506.09,75211506.09,0,0.0
2021-10-28,1559,1013,0,0,0.0,28,128541878.01,128541878.01,0,0.0
2021-10-29,1290,961,0,0,0.0,22,100467365.02,100467365.02,0,0.0
2021-10-30,1193,868,0,0,0.0,24,171608782.05,171608782.05,0,0.0
2021-10-31,964,701,0,0,0.0,18,59146355.48,59146355.48,1,21966547.67
2021-11-01,1296,945,0,0,0.0,8,58602260.76,58602260.76,2,47537193.6
2021-11-02,1372,1059,0,0,0.0,27,161904416.15,161904416.15,1,27229790.94
2021-11-03,1539,1156,0,0,0.0,21,68204051.95,68204051.95,0,0.0
2021-11-04,1897,1339,0,0,0.0,24,81770495.51,81770495.51,0,0.0
2021-11-05,1741,1228,0,0,0.0,24,70225289.04,70225289.04,0,0.0
2021-11-06,1763,1181,0,0,0.0,28,171073958.57,171073958.57,0,0.0
2021-11-07,1768,1291,0,0,0.0,33,317810692.93,317810692.93,0,0.0
2021-11-08,1447,1172,0,0,0.0,20,250246348.86,250246348.86,6,138914663.3
2021-11-09,1407,1106,0,0,0.0,23,304291500.33,304291500.33,10,257328957.46
2021-11-10,1448,1110,0,0,0.0,19,230521145.99,230521145.99,9,275166051.45
2021-11-11,1066,904,0,0,0.0,14,205107532.97,205107532.97,20,543310783.14
2021-11-12,1076,916,0,0,0.0,11,169762595.34,169762595.34,12,516289449.84
2021-11-13,1065,828,0,0,0.0,15,162894533.29,162894533.29,6,182525208.61
2021-11-14,1169,889,0,0,0.0,14,158012320.55,158012320.55,2,48010123.66
2021-11-15,1040,802,0,0,0.0,32,423207721.48,423207721.48,14,642182399.38
2021-11-16,1194,905,0,0,0.0,25,288046556.8,288046556.8,0,0.0
2021-11-17,1255,877,0,0,0.0,18,225301157.57,225301157.57,6,131379566.79
2021-11-18,1553,941,0,0,0.0,24,250978891.55,250978891.55,0,0.0
2021-11-19,1584,952,0,0,0.0,26,235934843.34,235934843.34,0,0.0
2021-11-20,1809,965,0,0,0.0,28,270578957.33,270578957.33,2,43607753.5
2021-11-21,1475,849,0,0,0.0,25,136262683.07,136262683.07,0,0.0
2021-11-22,1369,834,0,0,0.0,22,126706109.93,126706109.93,0,0.0
2021-11-23,1119,822,0,0,0.0,26,146616712.67,146616712.67,0,0.0
2021-11-24,1657,980,0,0,0.0,24,149833013.23,149833013.23,0,0.0
2021-11-25,1552,1054,0,0,0.0,25,128699510.69,128699510.69,0,0.0
2021-11-26,1571,1085,0,0,0.0,24,113875461.11,113875461.11,0,0.0
2021-11-27,1090,742,0,0,0.0,25,171750786.76,171750786.76,1,20882640.01
2021-11-28,1548,950,0,0,0.0,24,88677113.43,88677113.43,0,0.0
2021-11-29,1582,979,0,0,0.0,24,111423118.56,111423118.56,0,0.0
2021-11-30,1775,919,0,0,0.0,25,140523844.52,140523844.52,0,0.0
2021-12-01,1305,850,0,0,0.0,24,90348126.32,90348126.32,0,0.0
2021-12-02,1325,809,0,0,0.0,25,125713478.02,125713478.02,0,0.0
2021-12-03,1167,786,0,0,0.0,24,110360737.72,110360737.72,0,0.0
2021-12-04,1419,897,0,0,0.0,25,221515857.49,221515857.49,1,28049662.87
2021-12-05,1114,715,0,0,0.0,24,113434681.4,113434681.4,0,0.0
2021-12-06,981,705,0,0,0.0,24,94282877.83,94282877.83,0,0.0
2021-12-07,1171,646,0,0,0.0,25,123486243.56,123486243.56,0,0.0
2021-12-08,923,574,0,0,0.0,26,174968007.95,174968007.95,0,0.0
2021-12-09,1355,941,0,0,0.0,24,148704011.32,148704011.32,0,0.0
2021-12-10,875,615,0,0,0.0,24,150016257.64,150016257.64,0,0.0
2021-12-11,536,412,0,0,0.0,26,224783664.76,224783664.76,1,28889133.16
2021-12-12,481,373,0,0,0.0,24,115983621.29,115983621.29,0,0.0
2021-12-13,575,470,0,0,0.0,24,109366059.93,109366059.93,0,0.0
2021-12-14,819,699,0,0,0.0,25,136933685.22,136933685.22,0,0.0
2021-12-15,1135,903,0,0,0.0,24,133646376.58,133646376.58,0,0.0
2021-12-16,731,606,0,0,0.0,25,147233804.68,147233804.68,0,0.0
2021-12-17,683,553,0,0,0.0,24,136493053.46,136493053.46,0,0.0
2021-12-18,518,396,0,0,0.0,29,257627692.98,257627692.98,3,77251925.09
2021-12-19,619,455,0,0,0.0,24,145759151.95,145759151.95,0,0.0
2021-12-20,609,488,0,0,0.0,25,252332748.56,252332748.56,3,75572403.72
2021-12-21,552,478,0,0,0.0,25,251369891.12,251369891.12,0,0.0
2021-12-22,570,389,0,0,0.0,22,257934654.13,257934654.13,13,398930488.29
2021-12-23,656,538,0,0,0.0,25,281533673.31,281533673.31,2,45732450.95
2021-12-24,683,455,0,0,0.0,28,258756601.97,258756601.97,2,46151169.31
2021-12-25,450,339,0,0,0.0,24,178610335.35,178610335.35,0,0.0
2021-12-26,598,443,0,0,0.0,24,126291414.22,126291414.22,0,0.0
2021-12-27,1059,889,0,0,0.0,23,122931630.02,122931630.02,1,21779374.13
2021-12-28,1339,1135,0,0,0.0,25,160441512.32,160441512.32,0,0.0
2021-12-29,1943,1391,0,0,0.0,24,153796109.73,153796109.73,0,0.0
2021-12-30,1525,1162,0,0,0.0,25,190219718.11,190219718.11,1,27676508.97
2021-12-31,1121,940,0,0,0.0,25,171917992.36,171917992.36,1,21385807.74
2022-01-01,1068,898,0,0,0.0,25,118678929.67,118678929.67,0,0.0
2022-01-02,1189,911,0,0,0.0,24,134248048.21,134248048.21,0,0.0
2022-01-03,1145,964,0,0,0.0,22,160981806.78,160981806.78,0,0.0
2022-01-04,1153,909,0,0,0.0,24,190178978.78,190178978.78,0,0.0
2022-01-05,1125,888,0,0,0.0,24,206308132.8,206308132.8,0,0.0
2022-01-06,1080,818,0,0,0.0,26,210691184.97,210691184.97,0,0.0
2022-01-07,991,744,0,0,0.0,24,204860554.96,204860554.96,0,0.0
2022-01-08,858,734,0,0,0.0,24,229209571.94,229209571.94,2,42054952.79
2022-01-09,1872,1601,0,0,0.0,24,300196970.18,300196970.18,0,0.0
2022-01-10,1088,814,0,0,0.0,24,270278917.88,270278917.88,0,0.0
2022-01-11,1374,957,0,0,0.0,25,236727304.37,236727304.37,1,20946193.83
2022-01-12,1541,1178,0,0,0.0,25,285658968.43,285658968.43,0,0.0
2022-01-13,2212,1735,0,0,0.0,18,240456517.84,240456517.84,6,138939798.66
2022-01-14,1836,1488,0,0,0.0,25,292178722.09,292178722.09,0,0.0
2022-01-15,1708,1282,0,0,0.0,26,297753812.15,297753812.15,3,72306535.41
2022-01-16,1449,1156,0,0,0.0,23,286463437.55,286463437.55,3,63007777.46
2022-01-17,1754,1289,0,0,0.0,14,174439088.57,174439088.57,12,330346428.28
2022-01-18,2272,1612,0,0,0.0,19,247294513.88,247294513.88,12,357562432.14
2022-01-19,2942,2348,0,0,0.0,27,342536630.14,342536630.14,0,0.0
2022-01-20,3426,2757,0,0,0.0,25,303958879.57,303958879.57,0,0.0
2022-01-21,2801,2175,0,0,0.0,25,304468312.04,304468312.04,0,0.0
2022-01-22,2682,2014,0,0,0.0,22,291075258.89,291075258.89,3,70709699.94
2022-01-23,2935,2221,0,0,0.0,19,196210120.15,196210120.15,10,361778296.01
2022-01-24,6442,4652,0,0,0.0,25,199771728.59,199771728.59,0,0.0
2022-01-25,10454,7700,0,0,0.0,25,207734762.54,207734762.54,0,0.0
2022-01-26,7360,5626,0,0,0.0,19,128052307.86,128052307.86,0,0.0
2022-01-27,1851,1304,0,0,0.0,0,0.0,0.0,0,0.0
2022-01-28,14645,14526,0,0,0.0,0,0.0,0.0,0,0.0
2022-01-29,466,407,0,0,0.0,0,0.0,0.0,0,0.0
2022-01-30,435,362,0,0,0.0,0,0.0,0.0,0,0.0
2022-01-31,376,328,0,0,0.0,0,0.0,0.0,0,0.0
2022-02-01,422,299,0,0,0.0,0,0.0,0.0,0,0.0
2022-02-02,350,288,0,0,0.0,0,0.0,0.0,0,0.0
2022-02-03,228,211,0,0,0.0,0,0.0,0.0,0,0.0
2022-02-04,439,298,0,0,0.0,0,0.0,0.0,0,0.0
2022-02-05,517,397,0,0,0.0,0,0.0,0.0,0,0.0
2022-02-06,443,381,0,0,0.0,0,0.0,0.0,0,0.0
2022-02-07,355,278,0,0,0.0,0,0.0,0.0,0,0.0
2022-02-08,311,279,0,0,0.0,0,0.0,0.0,0,0.0
2022-02-09,246,218,0,0,0.0,0,0.0,0.0,0,0.0
2022-02-10,300,235,0,0,0.0,0,0.0,0.0,0,0.0
2022-02-11,171,175,0,0,0.0,0,0.0,0.0,0,0.0
2022-02-12,226,141,0,0,0.0,0,0.0,0.0,0,0.0
2022-02-13,166,130,0,0,0.0,0,0.0,0.0,0,0.0
2022-02-14,156,147,0,0,0.0,0,0.0,0.0,0,0.0
2022-02-15,187,177,0,0,0.0,0,0.0,0.0,0,0.0
2022-02-16,151,142,0,0,0.0,0,0.0,0.0,0,0.0
2022-02-17,137,129,0,0,0.0,0,0.0,0.0,0,0.0
2022-02-18,170,137,0,0,0.0,0,0.0,0.0,0,0.0
2022-02-19,206,152,0,0,0.0,0,0.0,0.0,0,0.0
2022-02-20,155,140,0,0,0.0,0,0.0,0.0,0,0.0
2022-02-21,143,143,0,0,0.0,0,0.0,0.0,0,0.0
2022-02-22,113,113,0,0,0.0,0,0.0,0.0,0,0.0
2022-02-23,143,121,0,0,0.0,0,0.0,0.0,0,0.0
2022-02-24,177,125,0,0,0.0,0,0.0,0.0,0,0.0
2022-02-25,181,112,0,0,0.0,0,0.0,0.0,0,0.0
2022-02-26,118,82,0,0,0.0,0,0.0,0.0,0,0.0
2022-02-27,106,55,0,0,0.0,0,0.0,0.0,0,0.0
2022-02-28,93,83,0,0,0.0,0,0.0,0.0,0,0.0
2022-03-01,108,85,0,0,0.0,0,0.0,0.0,0,0.0
2022-03-02,78,79,0,0,0.0,0,0.0,0.0,0,0.0
2022-03-03,156,92,0,0,0.0,0,0.0,0.0,0,0.0
2022-03-04,83,73,0,0,0.0,0,0.0,0.0,0,0.0
2022-03-05,76,74,0,0,0.0,0,0.0,0.0,0,0.0
2022-03-06,69,70,0,0,0.0,0,0.0,0.0,0,0.0
2022-03-07,107,109,0,0,0.0,0,0.0,0.0,0,0.0
2022-03-08,125,124,0,0,0.0,0,0.0,0.0,0,0.0
2022-03-09,111,109,0,0,0.0,0,0.0,0.0,0,0.0
2022-03-10,83,80,0,0,0.0,0,0.0,0.0,0,0.0
2022-03-11,84,82,0,0,0.0,0,0.0,0.0,0,0.0
2022-03-12,107,99,0,0,0.0,0,0.0,0.0,0,0.0
2022-03-13,113,96,0,0,0.0,0,0.0,0.0,0,0.0
2022-03-14,96,73,0,0,0.0,0,0.0,0.0,0,0.0
2022-03-15,59,59,0,0,0.0,0,0.0,0.0,0,0.0
2022-03-16,117,87,0,0,0.0,0,0.0,0.0,0,0.0
2022-03-17,124,80,0,0,0.0,0,0.0,0.0,0,0.0
2022-03-18,50,64,0,0,0.0,0,0.0,0.0,0,0.0
2022-03-19,74,72,0,0,0.0,0,0.0,0.0,0,0.0
2022-03-20,85,76,0,0,0.0,0,0.0,0.0,0,0.0
2022-03-21,137,113,0,0,0.0,0,0.0,0.0,0,0.0
2022-03-22,109,106,0,0,0.0,0,0.0,0.0,0,0.0
2022-03-23,256,225,0,0,0.0,0,0.0,0.0,0,0.0
2022-03-24,150,87,0,0,0.0,0,0.0,0.0,0,0.0
2022-03-25,375,289,0,0,0.0,0,0.0,0.0,0,0.0
2022-03-26,317,288,0,0,0.0,0,0.0,0.0,0,0.0
2022-03-27,378,336,0,0,0.0,0,0.0,0.0,0,0.0
2022-03-28,384,351,0,0,0.0,0,0.0,0.0,0,0.0
2022-03-29,318,287,0,0,0.0,0,0.0,0.0,0,0.0
2022-03-30,268,242,0,0,0.0,0,0.0,0.0,0,0.0
2022-03-31,265,252,0,0,0.0,0,0.0,0.0,0,0.0
2022-04-01,220,195,0,0,0.0,0,0.0,0.0,0,0.0
2022-04-02,222,199,0,0,0.0,0,0.0,0.0,0,0.0
2022-04-03,180,155,0,0,0.0,0,0.0,0.0,0,0.0
